equipo,dorsal,posicion,nombre,fecha de nacimiento (edad),nacionalidad,valor de mercado
FC Barcelona,1,Portero,Marc-André ter Stegen,30/04/1992 (26),Alemania,"80,00 mill. €  "
FC Barcelona,15,Defensa central,Clément Lenglet,17/06/1995 (23),Francia,"50,00 mill. €  "
FC Barcelona,6,Defensa central,Jean-Clair Todibo,30/12/1999 (19),Francia,"8,00 mill. €  "
FC Barcelona,20,Lateral derecho,Sergi Roberto,07/02/1992 (27),España,"55,00 mill. €  "
FC Barcelona,8,Medio centro,Arthur,12/08/1996 (22),Brasil,"60,00 mill. €  "
FC Barcelona,22,Medio centro,Arturo Vidal,22/05/1987 (31),Chile,"18,00 mill. €  "
FC Barcelona,11,Extremo izquierdo,Ousmane Dembélé,15/05/1997 (21),Francia,"120,00 mill. €  "
FC Barcelona,9,Delantero centro,Luis Suárez,24/01/1987 (32),Uruguay,"60,00 mill. €  "
FC Barcelona,1,Portero,Marc-André ter Stegen,30/04/1992 (26),Alemania,"80,00 mill. €  "
FC Barcelona,15,Defensa central,Clément Lenglet,17/06/1995 (23),Francia,"50,00 mill. €  "
FC Barcelona,6,Defensa central,Jean-Clair Todibo,30/12/1999 (19),Francia,"8,00 mill. €  "
FC Barcelona,20,Lateral derecho,Sergi Roberto,07/02/1992 (27),España,"55,00 mill. €  "
FC Barcelona,8,Medio centro,Arthur,12/08/1996 (22),Brasil,"60,00 mill. €  "
FC Barcelona,22,Medio centro,Arturo Vidal,22/05/1987 (31),Chile,"18,00 mill. €  "
FC Barcelona,11,Extremo izquierdo,Ousmane Dembélé,15/05/1997 (21),Francia,"120,00 mill. €  "
FC Barcelona,9,Delantero centro,Luis Suárez,24/01/1987 (32),Uruguay,"60,00 mill. €  "
FC Barcelona,1,Portero,Marc-André ter Stegen,30/04/1992 (26),Alemania,"80,00 mill. €  "
FC Barcelona,15,Defensa central,Clément Lenglet,17/06/1995 (23),Francia,"50,00 mill. €  "
FC Barcelona,6,Defensa central,Jean-Clair Todibo,30/12/1999 (19),Francia,"8,00 mill. €  "
FC Barcelona,20,Lateral derecho,Sergi Roberto,07/02/1992 (27),España,"55,00 mill. €  "
FC Barcelona,8,Medio centro,Arthur,12/08/1996 (22),Brasil,"60,00 mill. €  "
FC Barcelona,22,Medio centro,Arturo Vidal,22/05/1987 (31),Chile,"18,00 mill. €  "
FC Barcelona,11,Extremo izquierdo,Ousmane Dembélé,15/05/1997 (21),Francia,"120,00 mill. €  "
FC Barcelona,9,Delantero centro,Luis Suárez,24/01/1987 (32),Uruguay,"60,00 mill. €  "
Real Madrid CF,25,Portero,Thibaut Courtois,11/05/1992 (26),Bélgica,"65,00 mill. €  "
Real Madrid CF,5,Defensa central,Raphaël Varane,25/04/1993 (25),Francia,"80,00 mill. €  "
Real Madrid CF,3,Defensa central,Jesús Vallejo,05/01/1997 (22),España,"10,00 mill. €  "
Real Madrid CF,2,Lateral derecho,Daniel Carvajal,11/01/1992 (27),España,"60,00 mill. €  "
Real Madrid CF,18,Pivote,Marcos Llorente,30/01/1995 (24),España,"15,00 mill. €  "
Real Madrid CF,24,Medio centro,Dani Ceballos,07/08/1996 (22),España,"20,00 mill. €  "
Real Madrid CF,21,Medio centro ofensivo,Brahim Díaz,03/08/1999 (19),España,"17,00 mill. €  "
Real Madrid CF,11,Extremo derecho,Gareth Bale,16/07/1989 (29),Gales,"70,00 mill. €  "
Real Madrid CF,7,Delantero centro,Mariano Díaz,01/08/1993 (25),República Dominicana,"20,00 mill. €  "
Real Madrid CF,25,Portero,Thibaut Courtois,11/05/1992 (26),Bélgica,"65,00 mill. €  "
Real Madrid CF,5,Defensa central,Raphaël Varane,25/04/1993 (25),Francia,"80,00 mill. €  "
Real Madrid CF,3,Defensa central,Jesús Vallejo,05/01/1997 (22),España,"10,00 mill. €  "
Real Madrid CF,2,Lateral derecho,Daniel Carvajal,11/01/1992 (27),España,"60,00 mill. €  "
Real Madrid CF,18,Pivote,Marcos Llorente,30/01/1995 (24),España,"15,00 mill. €  "
Real Madrid CF,24,Medio centro,Dani Ceballos,07/08/1996 (22),España,"20,00 mill. €  "
Real Madrid CF,21,Medio centro ofensivo,Brahim Díaz,03/08/1999 (19),España,"17,00 mill. €  "
Real Madrid CF,11,Extremo derecho,Gareth Bale,16/07/1989 (29),Gales,"70,00 mill. €  "
Real Madrid CF,7,Delantero centro,Mariano Díaz,01/08/1993 (25),República Dominicana,"20,00 mill. €  "
Real Madrid CF,25,Portero,Thibaut Courtois,11/05/1992 (26),Bélgica,"65,00 mill. €  "
Real Madrid CF,5,Defensa central,Raphaël Varane,25/04/1993 (25),Francia,"80,00 mill. €  "
Real Madrid CF,3,Defensa central,Jesús Vallejo,05/01/1997 (22),España,"10,00 mill. €  "
Real Madrid CF,2,Lateral derecho,Daniel Carvajal,11/01/1992 (27),España,"60,00 mill. €  "
Real Madrid CF,18,Pivote,Marcos Llorente,30/01/1995 (24),España,"15,00 mill. €  "
Real Madrid CF,24,Medio centro,Dani Ceballos,07/08/1996 (22),España,"20,00 mill. €  "
Real Madrid CF,21,Medio centro ofensivo,Brahim Díaz,03/08/1999 (19),España,"17,00 mill. €  "
Real Madrid CF,11,Extremo derecho,Gareth Bale,16/07/1989 (29),Gales,"70,00 mill. €  "
Real Madrid CF,7,Delantero centro,Mariano Díaz,01/08/1993 (25),República Dominicana,"20,00 mill. €  "
Atlético de Madrid,13,Portero,Jan Oblak,07/01/1993 (26),Eslovenia,"80,00 mill. €  "
Atlético de Madrid,24,Defensa central,José Giménez,20/01/1995 (24),Uruguay,"70,00 mill. €  "
Atlético de Madrid,35,Defensa central,Francisco Montero,14/01/1999 (20),España,"5,00 mill. €  "
Atlético de Madrid,4,Lateral derecho,Santiago Arias,13/01/1992 (27),Colombia,"20,00 mill. €  "
Atlético de Madrid,5,Pivote,Thomas,13/06/1993 (25),Ghana,"50,00 mill. €  "
Atlético de Madrid,11,Extremo izquierdo,Thomas Lemar,12/11/1995 (23),Francia,"50,00 mill. €  "
Atlético de Madrid,7,Delantero centro,Antoine Griezmann,21/03/1991 (28),Francia,"150,00 mill. €  "
Atlético de Madrid,9,Delantero centro,Nikola Kalinic,05/01/1988 (31),Croacia,"14,00 mill. €  "
Atlético de Madrid,13,Portero,Jan Oblak,07/01/1993 (26),Eslovenia,"80,00 mill. €  "
Atlético de Madrid,24,Defensa central,José Giménez,20/01/1995 (24),Uruguay,"70,00 mill. €  "
Atlético de Madrid,35,Defensa central,Francisco Montero,14/01/1999 (20),España,"5,00 mill. €  "
Atlético de Madrid,4,Lateral derecho,Santiago Arias,13/01/1992 (27),Colombia,"20,00 mill. €  "
Atlético de Madrid,5,Pivote,Thomas,13/06/1993 (25),Ghana,"50,00 mill. €  "
Atlético de Madrid,11,Extremo izquierdo,Thomas Lemar,12/11/1995 (23),Francia,"50,00 mill. €  "
Atlético de Madrid,7,Delantero centro,Antoine Griezmann,21/03/1991 (28),Francia,"150,00 mill. €  "
Atlético de Madrid,9,Delantero centro,Nikola Kalinic,05/01/1988 (31),Croacia,"14,00 mill. €  "
Atlético de Madrid,13,Portero,Jan Oblak,07/01/1993 (26),Eslovenia,"80,00 mill. €  "
Atlético de Madrid,24,Defensa central,José Giménez,20/01/1995 (24),Uruguay,"70,00 mill. €  "
Atlético de Madrid,35,Defensa central,Francisco Montero,14/01/1999 (20),España,"5,00 mill. €  "
Atlético de Madrid,4,Lateral derecho,Santiago Arias,13/01/1992 (27),Colombia,"20,00 mill. €  "
Atlético de Madrid,5,Pivote,Thomas,13/06/1993 (25),Ghana,"50,00 mill. €  "
Atlético de Madrid,11,Extremo izquierdo,Thomas Lemar,12/11/1995 (23),Francia,"50,00 mill. €  "
Atlético de Madrid,7,Delantero centro,Antoine Griezmann,21/03/1991 (28),Francia,"150,00 mill. €  "
Atlético de Madrid,9,Delantero centro,Nikola Kalinic,05/01/1988 (31),Croacia,"14,00 mill. €  "
Valencia CF,13,Portero,Neto,19/07/1989 (29),Brasil,"18,00 mill. €  "
Valencia CF,12,Defensa central,Mouctar Diakhaby,19/12/1996 (22),Francia,"15,00 mill. €  "
Valencia CF,14,Lateral izquierdo,José Gayà,25/05/1995 (23),España,"40,00 mill. €  "
Valencia CF,17,Pivote,Francis Coquelin,13/05/1991 (27),Francia,"15,00 mill. €  "
Valencia CF,18,Medio centro,Daniel Wass,31/05/1989 (29),Dinamarca,"10,00 mill. €  "
Valencia CF,7,Extremo izquierdo,Gonçalo Guedes,29/11/1996 (22),Portugal,"30,00 mill. €  "
Valencia CF,19,Delantero centro,Rodrigo,06/03/1991 (28),España,"30,00 mill. €  "
Valencia CF,23,Delantero centro,Rubén Sobrino,01/06/1992 (26),España,"5,00 mill. €  "
Valencia CF,13,Portero,Neto,19/07/1989 (29),Brasil,"18,00 mill. €  "
Valencia CF,12,Defensa central,Mouctar Diakhaby,19/12/1996 (22),Francia,"15,00 mill. €  "
Valencia CF,14,Lateral izquierdo,José Gayà,25/05/1995 (23),España,"40,00 mill. €  "
Valencia CF,17,Pivote,Francis Coquelin,13/05/1991 (27),Francia,"15,00 mill. €  "
Valencia CF,18,Medio centro,Daniel Wass,31/05/1989 (29),Dinamarca,"10,00 mill. €  "
Valencia CF,7,Extremo izquierdo,Gonçalo Guedes,29/11/1996 (22),Portugal,"30,00 mill. €  "
Valencia CF,19,Delantero centro,Rodrigo,06/03/1991 (28),España,"30,00 mill. €  "
Valencia CF,23,Delantero centro,Rubén Sobrino,01/06/1992 (26),España,"5,00 mill. €  "
Valencia CF,13,Portero,Neto,19/07/1989 (29),Brasil,"18,00 mill. €  "
Valencia CF,12,Defensa central,Mouctar Diakhaby,19/12/1996 (22),Francia,"15,00 mill. €  "
Valencia CF,14,Lateral izquierdo,José Gayà,25/05/1995 (23),España,"40,00 mill. €  "
Valencia CF,17,Pivote,Francis Coquelin,13/05/1991 (27),Francia,"15,00 mill. €  "
Valencia CF,18,Medio centro,Daniel Wass,31/05/1989 (29),Dinamarca,"10,00 mill. €  "
Valencia CF,7,Extremo izquierdo,Gonçalo Guedes,29/11/1996 (22),Portugal,"30,00 mill. €  "
Valencia CF,19,Delantero centro,Rodrigo,06/03/1991 (28),España,"30,00 mill. €  "
Valencia CF,23,Delantero centro,Rubén Sobrino,01/06/1992 (26),España,"5,00 mill. €  "
Sevilla FC,1,Portero,Tomas Vaclik,29/03/1989 (30),República Checa,"18,00 mill. €  "
Sevilla FC,4,Defensa central,Simon Kjær,26/03/1989 (30),Dinamarca,"10,00 mill. €  "
Sevilla FC,6,Defensa central,Daniel Carriço,04/08/1988 (30),Portugal,"3,00 mill. €  "
Sevilla FC,23,Lateral izquierdo,Guilherme Arana,14/04/1997 (21),Brasil,"3,00 mill. €  "
Sevilla FC,10,Medio centro,Éver Banega,29/06/1988 (30),Argentina,"20,00 mill. €  "
Sevilla FC,11,Interior derecho,Aleix Vidal,21/08/1989 (29),España,"5,00 mill. €  "
Sevilla FC,22,Medio centro ofensivo,Franco Vázquez,22/02/1989 (30),Argentina,"14,00 mill. €  "
Sevilla FC,9,Delantero centro,Wissam Ben Yedder,12/08/1990 (28),Francia,"35,00 mill. €  "
Sevilla FC,1,Portero,Tomas Vaclik,29/03/1989 (30),República Checa,"18,00 mill. €  "
Sevilla FC,4,Defensa central,Simon Kjær,26/03/1989 (30),Dinamarca,"10,00 mill. €  "
Sevilla FC,6,Defensa central,Daniel Carriço,04/08/1988 (30),Portugal,"3,00 mill. €  "
Sevilla FC,23,Lateral izquierdo,Guilherme Arana,14/04/1997 (21),Brasil,"3,00 mill. €  "
Sevilla FC,10,Medio centro,Éver Banega,29/06/1988 (30),Argentina,"20,00 mill. €  "
Sevilla FC,11,Interior derecho,Aleix Vidal,21/08/1989 (29),España,"5,00 mill. €  "
Sevilla FC,22,Medio centro ofensivo,Franco Vázquez,22/02/1989 (30),Argentina,"14,00 mill. €  "
Sevilla FC,9,Delantero centro,Wissam Ben Yedder,12/08/1990 (28),Francia,"35,00 mill. €  "
Sevilla FC,1,Portero,Tomas Vaclik,29/03/1989 (30),República Checa,"18,00 mill. €  "
Sevilla FC,4,Defensa central,Simon Kjær,26/03/1989 (30),Dinamarca,"10,00 mill. €  "
Sevilla FC,6,Defensa central,Daniel Carriço,04/08/1988 (30),Portugal,"3,00 mill. €  "
Sevilla FC,23,Lateral izquierdo,Guilherme Arana,14/04/1997 (21),Brasil,"3,00 mill. €  "
Sevilla FC,10,Medio centro,Éver Banega,29/06/1988 (30),Argentina,"20,00 mill. €  "
Sevilla FC,11,Interior derecho,Aleix Vidal,21/08/1989 (29),España,"5,00 mill. €  "
Sevilla FC,22,Medio centro ofensivo,Franco Vázquez,22/02/1989 (30),Argentina,"14,00 mill. €  "
Sevilla FC,9,Delantero centro,Wissam Ben Yedder,12/08/1990 (28),Francia,"35,00 mill. €  "
Real Betis Balompié,13,Portero,Pau López,13/12/1994 (24),España,"20,00 mill. €  "
Real Betis Balompié,23,Defensa central,Aïssa Mandi,22/10/1991 (27),Argelia,"14,00 mill. €  "
Real Betis Balompié,20,Lateral izquierdo,Júnior Firpo,22/08/1996 (22),España,"25,00 mill. €  "
Real Betis Balompié,19,Lateral derecho,Antonio Barragán,12/06/1987 (31),España,"2,00 mill. €  "
Real Betis Balompié,21,Medio centro,Giovani Lo Celso,09/04/1996 (22),Argentina,"40,00 mill. €  "
Real Betis Balompié,6,Medio centro ofensivo,Sergio Canales,16/02/1991 (28),España,"15,00 mill. €  "
Real Betis Balompié,10,Extremo izquierdo,Jesé,26/02/1993 (26),España,"5,00 mill. €  "
Real Betis Balompié,7,Delantero centro,Sergio León,06/01/1989 (30),España,"3,00 mill. €  "
Real Betis Balompié,13,Portero,Pau López,13/12/1994 (24),España,"20,00 mill. €  "
Real Betis Balompié,23,Defensa central,Aïssa Mandi,22/10/1991 (27),Argelia,"14,00 mill. €  "
Real Betis Balompié,20,Lateral izquierdo,Júnior Firpo,22/08/1996 (22),España,"25,00 mill. €  "
Real Betis Balompié,19,Lateral derecho,Antonio Barragán,12/06/1987 (31),España,"2,00 mill. €  "
Real Betis Balompié,21,Medio centro,Giovani Lo Celso,09/04/1996 (22),Argentina,"40,00 mill. €  "
Real Betis Balompié,6,Medio centro ofensivo,Sergio Canales,16/02/1991 (28),España,"15,00 mill. €  "
Real Betis Balompié,10,Extremo izquierdo,Jesé,26/02/1993 (26),España,"5,00 mill. €  "
Real Betis Balompié,7,Delantero centro,Sergio León,06/01/1989 (30),España,"3,00 mill. €  "
Real Betis Balompié,13,Portero,Pau López,13/12/1994 (24),España,"20,00 mill. €  "
Real Betis Balompié,23,Defensa central,Aïssa Mandi,22/10/1991 (27),Argelia,"14,00 mill. €  "
Real Betis Balompié,20,Lateral izquierdo,Júnior Firpo,22/08/1996 (22),España,"25,00 mill. €  "
Real Betis Balompié,19,Lateral derecho,Antonio Barragán,12/06/1987 (31),España,"2,00 mill. €  "
Real Betis Balompié,21,Medio centro,Giovani Lo Celso,09/04/1996 (22),Argentina,"40,00 mill. €  "
Real Betis Balompié,6,Medio centro ofensivo,Sergio Canales,16/02/1991 (28),España,"15,00 mill. €  "
Real Betis Balompié,10,Extremo izquierdo,Jesé,26/02/1993 (26),España,"5,00 mill. €  "
Real Betis Balompié,7,Delantero centro,Sergio León,06/01/1989 (30),España,"3,00 mill. €  "
Real Sociedad,1,Portero,Gerónimo Rulli,20/05/1992 (26),Argentina,"7,50 mill. €  "
Real Sociedad,15,Defensa central,Aritz Elustondo,28/03/1994 (25),España,"7,50 mill. €  "
Real Sociedad,27,Defensa central,Robin Le Normand,11/11/1996 (22),Francia,"1,50 mill. €  "
Real Sociedad,2,Lateral derecho,Joseba Zaldua,24/06/1992 (26),España,"5,00 mill. €  "
Real Sociedad,5,Pivote,Igor Zubeldia,30/03/1997 (22),España,"20,00 mill. €  "
Real Sociedad,14,Medio centro,Rubén Pardo,22/10/1992 (26),España,"2,50 mill. €  "
Real Sociedad,16,Extremo izquierdo,Martín Merquelanz,12/06/1995 (23),España,500 miles €  
Real Sociedad,12,Delantero centro,Willian José,23/11/1991 (27),Brasil,"25,00 mill. €  "
Real Sociedad,1,Portero,Gerónimo Rulli,20/05/1992 (26),Argentina,"7,50 mill. €  "
Real Sociedad,15,Defensa central,Aritz Elustondo,28/03/1994 (25),España,"7,50 mill. €  "
Real Sociedad,27,Defensa central,Robin Le Normand,11/11/1996 (22),Francia,"1,50 mill. €  "
Real Sociedad,2,Lateral derecho,Joseba Zaldua,24/06/1992 (26),España,"5,00 mill. €  "
Real Sociedad,5,Pivote,Igor Zubeldia,30/03/1997 (22),España,"20,00 mill. €  "
Real Sociedad,14,Medio centro,Rubén Pardo,22/10/1992 (26),España,"2,50 mill. €  "
Real Sociedad,16,Extremo izquierdo,Martín Merquelanz,12/06/1995 (23),España,500 miles €  
Real Sociedad,12,Delantero centro,Willian José,23/11/1991 (27),Brasil,"25,00 mill. €  "
Real Sociedad,1,Portero,Gerónimo Rulli,20/05/1992 (26),Argentina,"7,50 mill. €  "
Real Sociedad,15,Defensa central,Aritz Elustondo,28/03/1994 (25),España,"7,50 mill. €  "
Real Sociedad,27,Defensa central,Robin Le Normand,11/11/1996 (22),Francia,"1,50 mill. €  "
Real Sociedad,2,Lateral derecho,Joseba Zaldua,24/06/1992 (26),España,"5,00 mill. €  "
Real Sociedad,5,Pivote,Igor Zubeldia,30/03/1997 (22),España,"20,00 mill. €  "
Real Sociedad,14,Medio centro,Rubén Pardo,22/10/1992 (26),España,"2,50 mill. €  "
Real Sociedad,16,Extremo izquierdo,Martín Merquelanz,12/06/1995 (23),España,500 miles €  
Real Sociedad,12,Delantero centro,Willian José,23/11/1991 (27),Brasil,"25,00 mill. €  "
Celta de Vigo,13,Portero,Rubén Blanco,25/07/1995 (23),España,"3,00 mill. €  "
Celta de Vigo,4,Defensa central,Néstor Araujo,29/08/1991 (27),México,"7,00 mill. €  "
Celta de Vigo,15,Lateral izquierdo,Lucas Olaza,21/07/1994 (24),Uruguay,"3,50 mill. €  "
Celta de Vigo,20,Lateral derecho,Kevin Vázquez,23/03/1993 (26),España,500 miles €  
Celta de Vigo,6,Pivote,Nemanja Radoja,06/02/1993 (26),Serbia,"3,00 mill. €  "
Celta de Vigo,21,Medio centro,Jozabed Sánchez,08/03/1991 (28),España,"2,00 mill. €  "
Celta de Vigo,11,Extremo izquierdo,Pione Sisto,04/02/1995 (24),Dinamarca,"10,00 mill. €  "
Celta de Vigo,16,Extremo derecho,Andrew Hjulsager,15/01/1995 (24),Dinamarca,"1,20 mill. €  "
Celta de Vigo,13,Portero,Rubén Blanco,25/07/1995 (23),España,"3,00 mill. €  "
Celta de Vigo,4,Defensa central,Néstor Araujo,29/08/1991 (27),México,"7,00 mill. €  "
Celta de Vigo,15,Lateral izquierdo,Lucas Olaza,21/07/1994 (24),Uruguay,"3,50 mill. €  "
Celta de Vigo,20,Lateral derecho,Kevin Vázquez,23/03/1993 (26),España,500 miles €  
Celta de Vigo,6,Pivote,Nemanja Radoja,06/02/1993 (26),Serbia,"3,00 mill. €  "
Celta de Vigo,21,Medio centro,Jozabed Sánchez,08/03/1991 (28),España,"2,00 mill. €  "
Celta de Vigo,11,Extremo izquierdo,Pione Sisto,04/02/1995 (24),Dinamarca,"10,00 mill. €  "
Celta de Vigo,16,Extremo derecho,Andrew Hjulsager,15/01/1995 (24),Dinamarca,"1,20 mill. €  "
Celta de Vigo,13,Portero,Rubén Blanco,25/07/1995 (23),España,"3,00 mill. €  "
Celta de Vigo,4,Defensa central,Néstor Araujo,29/08/1991 (27),México,"7,00 mill. €  "
Celta de Vigo,15,Lateral izquierdo,Lucas Olaza,21/07/1994 (24),Uruguay,"3,50 mill. €  "
Celta de Vigo,20,Lateral derecho,Kevin Vázquez,23/03/1993 (26),España,500 miles €  
Celta de Vigo,6,Pivote,Nemanja Radoja,06/02/1993 (26),Serbia,"3,00 mill. €  "
Celta de Vigo,21,Medio centro,Jozabed Sánchez,08/03/1991 (28),España,"2,00 mill. €  "
Celta de Vigo,11,Extremo izquierdo,Pione Sisto,04/02/1995 (24),Dinamarca,"10,00 mill. €  "
Celta de Vigo,16,Extremo derecho,Andrew Hjulsager,15/01/1995 (24),Dinamarca,"1,20 mill. €  "
Athletic Club,25,Portero,Unai Simón,11/06/1997 (21),España,"6,00 mill. €  "
Athletic Club,4,Defensa central,Iñigo Martínez,17/05/1991 (27),España,"32,00 mill. €  "
Athletic Club,31,Defensa central,Peru Nolaskoain,25/10/1998 (20),España,"5,00 mill. €  "
Athletic Club,18,Lateral derecho,Óscar de Marcos,14/04/1989 (29),España,"6,00 mill. €  "
Athletic Club,6,Pivote,Mikel San José,30/05/1989 (29),España,"7,50 mill. €  "
Athletic Club,16,Medio centro,Dani García,24/05/1990 (28),España,"4,00 mill. €  "
Athletic Club,23,Medio centro ofensivo,Unai López,30/10/1995 (23),España,"2,00 mill. €  "
Athletic Club,14,Extremo derecho,Markel Susaeta,14/12/1987 (31),España,"7,50 mill. €  "
Athletic Club,20,Delantero centro,Aritz Aduriz,11/02/1981 (38),España,"1,00 mill. €  "
Athletic Club,25,Portero,Unai Simón,11/06/1997 (21),España,"6,00 mill. €  "
Athletic Club,4,Defensa central,Iñigo Martínez,17/05/1991 (27),España,"32,00 mill. €  "
Athletic Club,31,Defensa central,Peru Nolaskoain,25/10/1998 (20),España,"5,00 mill. €  "
Athletic Club,18,Lateral derecho,Óscar de Marcos,14/04/1989 (29),España,"6,00 mill. €  "
Athletic Club,6,Pivote,Mikel San José,30/05/1989 (29),España,"7,50 mill. €  "
Athletic Club,16,Medio centro,Dani García,24/05/1990 (28),España,"4,00 mill. €  "
Athletic Club,23,Medio centro ofensivo,Unai López,30/10/1995 (23),España,"2,00 mill. €  "
Athletic Club,14,Extremo derecho,Markel Susaeta,14/12/1987 (31),España,"7,50 mill. €  "
Athletic Club,20,Delantero centro,Aritz Aduriz,11/02/1981 (38),España,"1,00 mill. €  "
Athletic Club,25,Portero,Unai Simón,11/06/1997 (21),España,"6,00 mill. €  "
Athletic Club,4,Defensa central,Iñigo Martínez,17/05/1991 (27),España,"32,00 mill. €  "
Athletic Club,31,Defensa central,Peru Nolaskoain,25/10/1998 (20),España,"5,00 mill. €  "
Athletic Club,18,Lateral derecho,Óscar de Marcos,14/04/1989 (29),España,"6,00 mill. €  "
Athletic Club,6,Pivote,Mikel San José,30/05/1989 (29),España,"7,50 mill. €  "
Athletic Club,16,Medio centro,Dani García,24/05/1990 (28),España,"4,00 mill. €  "
Athletic Club,23,Medio centro ofensivo,Unai López,30/10/1995 (23),España,"2,00 mill. €  "
Athletic Club,14,Extremo derecho,Markel Susaeta,14/12/1987 (31),España,"7,50 mill. €  "
Athletic Club,20,Delantero centro,Aritz Aduriz,11/02/1981 (38),España,"1,00 mill. €  "
Villarreal CF,1,Portero,Sergio Asenjo,28/06/1989 (29),España,"12,00 mill. €  "
Villarreal CF,3,Defensa central,Álvaro González,08/01/1990 (29),España,"8,00 mill. €  "
Villarreal CF,23,Defensa central,Daniele Bonera,31/05/1981 (37),Italia,200 miles €  
Villarreal CF,2,Lateral derecho,Mario Gaspar,24/11/1990 (28),España,"10,00 mill. €  "
Villarreal CF,10,Pivote,Vicente Iborra,16/01/1988 (31),España,"9,00 mill. €  "
Villarreal CF,14,Medio centro,Manu Trigueros,17/10/1991 (27),España,"20,00 mill. €  "
Villarreal CF,8,Medio centro ofensivo,Pablo Fornals,22/02/1996 (23),España,"30,00 mill. €  "
Villarreal CF,7,Delantero centro,Gerard Moreno,07/04/1992 (26),España,"17,50 mill. €  "
Villarreal CF,1,Portero,Sergio Asenjo,28/06/1989 (29),España,"12,00 mill. €  "
Villarreal CF,3,Defensa central,Álvaro González,08/01/1990 (29),España,"8,00 mill. €  "
Villarreal CF,23,Defensa central,Daniele Bonera,31/05/1981 (37),Italia,200 miles €  
Villarreal CF,2,Lateral derecho,Mario Gaspar,24/11/1990 (28),España,"10,00 mill. €  "
Villarreal CF,10,Pivote,Vicente Iborra,16/01/1988 (31),España,"9,00 mill. €  "
Villarreal CF,14,Medio centro,Manu Trigueros,17/10/1991 (27),España,"20,00 mill. €  "
Villarreal CF,8,Medio centro ofensivo,Pablo Fornals,22/02/1996 (23),España,"30,00 mill. €  "
Villarreal CF,7,Delantero centro,Gerard Moreno,07/04/1992 (26),España,"17,50 mill. €  "
Villarreal CF,1,Portero,Sergio Asenjo,28/06/1989 (29),España,"12,00 mill. €  "
Villarreal CF,3,Defensa central,Álvaro González,08/01/1990 (29),España,"8,00 mill. €  "
Villarreal CF,23,Defensa central,Daniele Bonera,31/05/1981 (37),Italia,200 miles €  
Villarreal CF,2,Lateral derecho,Mario Gaspar,24/11/1990 (28),España,"10,00 mill. €  "
Villarreal CF,10,Pivote,Vicente Iborra,16/01/1988 (31),España,"9,00 mill. €  "
Villarreal CF,14,Medio centro,Manu Trigueros,17/10/1991 (27),España,"20,00 mill. €  "
Villarreal CF,8,Medio centro ofensivo,Pablo Fornals,22/02/1996 (23),España,"30,00 mill. €  "
Villarreal CF,7,Delantero centro,Gerard Moreno,07/04/1992 (26),España,"17,50 mill. €  "
RCD Espanyol,1,Portero,Roberto,10/02/1986 (33),España,"1,50 mill. €  "
RCD Espanyol,15,Defensa central,David López,09/10/1989 (29),España,"12,00 mill. €  "
RCD Espanyol,27,Defensa central,Lluis López,05/03/1997 (22),España,300 miles €  
RCD Espanyol,16,Lateral derecho,Javi López,21/01/1986 (33),España,"1,00 mill. €  "
RCD Espanyol,10,Medio centro,Sergi Darder,22/12/1993 (25),España,"10,00 mill. €  "
RCD Espanyol,18,Medio centro,Álex López,02/06/1997 (21),España,400 miles €  
RCD Espanyol,19,Extremo izquierdo,Pablo Piatti,31/03/1989 (30),Argentina,"4,00 mill. €  "
RCD Espanyol,7,Delantero centro,Borja Iglesias,17/01/1993 (26),España,"20,00 mill. €  "
RCD Espanyol,1,Portero,Roberto,10/02/1986 (33),España,"1,50 mill. €  "
RCD Espanyol,15,Defensa central,David López,09/10/1989 (29),España,"12,00 mill. €  "
RCD Espanyol,27,Defensa central,Lluis López,05/03/1997 (22),España,300 miles €  
RCD Espanyol,16,Lateral derecho,Javi López,21/01/1986 (33),España,"1,00 mill. €  "
RCD Espanyol,10,Medio centro,Sergi Darder,22/12/1993 (25),España,"10,00 mill. €  "
RCD Espanyol,18,Medio centro,Álex López,02/06/1997 (21),España,400 miles €  
RCD Espanyol,19,Extremo izquierdo,Pablo Piatti,31/03/1989 (30),Argentina,"4,00 mill. €  "
RCD Espanyol,7,Delantero centro,Borja Iglesias,17/01/1993 (26),España,"20,00 mill. €  "
RCD Espanyol,1,Portero,Roberto,10/02/1986 (33),España,"1,50 mill. €  "
RCD Espanyol,15,Defensa central,David López,09/10/1989 (29),España,"12,00 mill. €  "
RCD Espanyol,27,Defensa central,Lluis López,05/03/1997 (22),España,300 miles €  
RCD Espanyol,16,Lateral derecho,Javi López,21/01/1986 (33),España,"1,00 mill. €  "
RCD Espanyol,10,Medio centro,Sergi Darder,22/12/1993 (25),España,"10,00 mill. €  "
RCD Espanyol,18,Medio centro,Álex López,02/06/1997 (21),España,400 miles €  
RCD Espanyol,19,Extremo izquierdo,Pablo Piatti,31/03/1989 (30),Argentina,"4,00 mill. €  "
RCD Espanyol,7,Delantero centro,Borja Iglesias,17/01/1993 (26),España,"20,00 mill. €  "
Girona FC,13,Portero,Bono,05/04/1991 (28),Marruecos,"10,00 mill. €  "
Girona FC,2,Defensa central,Bernardo Espinosa,11/07/1989 (29),Colombia,"7,00 mill. €  "
Girona FC,5,Defensa central,Pedro Alcalá,19/03/1989 (30),España,800 miles €  
Girona FC,14,Lateral izquierdo,Raúl García,30/04/1989 (29),España,"1,00 mill. €  "
Girona FC,8,Pivote,Pere Pons,20/02/1993 (26),España,"7,50 mill. €  "
Girona FC,12,Medio centro,Douglas Luiz,09/05/1998 (20),Brasil,"2,50 mill. €  "
Girona FC,17,Extremo derecho,Patrick Roberts,05/02/1997 (22),Inglaterra,"5,00 mill. €  "
Girona FC,19,Delantero centro,Anthony Lozano,25/04/1993 (25),Honduras,"2,00 mill. €  "
Girona FC,13,Portero,Bono,05/04/1991 (28),Marruecos,"10,00 mill. €  "
Girona FC,2,Defensa central,Bernardo Espinosa,11/07/1989 (29),Colombia,"7,00 mill. €  "
Girona FC,5,Defensa central,Pedro Alcalá,19/03/1989 (30),España,800 miles €  
Girona FC,14,Lateral izquierdo,Raúl García,30/04/1989 (29),España,"1,00 mill. €  "
Girona FC,8,Pivote,Pere Pons,20/02/1993 (26),España,"7,50 mill. €  "
Girona FC,12,Medio centro,Douglas Luiz,09/05/1998 (20),Brasil,"2,50 mill. €  "
Girona FC,17,Extremo derecho,Patrick Roberts,05/02/1997 (22),Inglaterra,"5,00 mill. €  "
Girona FC,19,Delantero centro,Anthony Lozano,25/04/1993 (25),Honduras,"2,00 mill. €  "
Girona FC,13,Portero,Bono,05/04/1991 (28),Marruecos,"10,00 mill. €  "
Girona FC,2,Defensa central,Bernardo Espinosa,11/07/1989 (29),Colombia,"7,00 mill. €  "
Girona FC,5,Defensa central,Pedro Alcalá,19/03/1989 (30),España,800 miles €  
Girona FC,14,Lateral izquierdo,Raúl García,30/04/1989 (29),España,"1,00 mill. €  "
Girona FC,8,Pivote,Pere Pons,20/02/1993 (26),España,"7,50 mill. €  "
Girona FC,12,Medio centro,Douglas Luiz,09/05/1998 (20),Brasil,"2,50 mill. €  "
Girona FC,17,Extremo derecho,Patrick Roberts,05/02/1997 (22),Inglaterra,"5,00 mill. €  "
Girona FC,19,Delantero centro,Anthony Lozano,25/04/1993 (25),Honduras,"2,00 mill. €  "
CD Leganés,29,Portero,Andrii Lunin,11/02/1999 (20),Ucrania,"5,00 mill. €  "
CD Leganés,22,Defensa central,Dimitrios Siovas,16/09/1988 (30),Grecia,"6,00 mill. €  "
CD Leganés,4,Defensa central,Diego Reyes,19/09/1992 (26),México,"3,00 mill. €  "
CD Leganés,5,Lateral izquierdo,Jonathan Silva,29/06/1994 (24),Argentina,"3,00 mill. €  "
CD Leganés,2,Lateral derecho,Juanfran,11/09/1988 (30),España,"2,50 mill. €  "
CD Leganés,6,Medio centro,Gerard Gumbau,18/12/1994 (24),España,"2,50 mill. €  "
CD Leganés,17,Medio centro ofensivo,Javi Eraso,22/03/1990 (29),España,"2,00 mill. €  "
CD Leganés,18,Extremo izquierdo,Sabin Merino,04/01/1992 (27),España,"1,20 mill. €  "
CD Leganés,26,Delantero centro,Youssef En-Nesyri,01/06/1997 (21),Marruecos,"10,00 mill. €  "
CD Leganés,29,Portero,Andrii Lunin,11/02/1999 (20),Ucrania,"5,00 mill. €  "
CD Leganés,22,Defensa central,Dimitrios Siovas,16/09/1988 (30),Grecia,"6,00 mill. €  "
CD Leganés,4,Defensa central,Diego Reyes,19/09/1992 (26),México,"3,00 mill. €  "
CD Leganés,5,Lateral izquierdo,Jonathan Silva,29/06/1994 (24),Argentina,"3,00 mill. €  "
CD Leganés,2,Lateral derecho,Juanfran,11/09/1988 (30),España,"2,50 mill. €  "
CD Leganés,6,Medio centro,Gerard Gumbau,18/12/1994 (24),España,"2,50 mill. €  "
CD Leganés,17,Medio centro ofensivo,Javi Eraso,22/03/1990 (29),España,"2,00 mill. €  "
CD Leganés,18,Extremo izquierdo,Sabin Merino,04/01/1992 (27),España,"1,20 mill. €  "
CD Leganés,26,Delantero centro,Youssef En-Nesyri,01/06/1997 (21),Marruecos,"10,00 mill. €  "
CD Leganés,29,Portero,Andrii Lunin,11/02/1999 (20),Ucrania,"5,00 mill. €  "
CD Leganés,22,Defensa central,Dimitrios Siovas,16/09/1988 (30),Grecia,"6,00 mill. €  "
CD Leganés,4,Defensa central,Diego Reyes,19/09/1992 (26),México,"3,00 mill. €  "
CD Leganés,5,Lateral izquierdo,Jonathan Silva,29/06/1994 (24),Argentina,"3,00 mill. €  "
CD Leganés,2,Lateral derecho,Juanfran,11/09/1988 (30),España,"2,50 mill. €  "
CD Leganés,6,Medio centro,Gerard Gumbau,18/12/1994 (24),España,"2,50 mill. €  "
CD Leganés,17,Medio centro ofensivo,Javi Eraso,22/03/1990 (29),España,"2,00 mill. €  "
CD Leganés,18,Extremo izquierdo,Sabin Merino,04/01/1992 (27),España,"1,20 mill. €  "
CD Leganés,26,Delantero centro,Youssef En-Nesyri,01/06/1997 (21),Marruecos,"10,00 mill. €  "
Getafe CF,13,Portero,David Soria,04/04/1993 (26),España,"10,00 mill. €  "
Getafe CF,2,Defensa central,Djené,31/12/1991 (27),Togo,"15,00 mill. €  "
Getafe CF,6,Defensa central,Leandro Cabrera,17/06/1991 (27),Uruguay,"2,00 mill. €  "
Getafe CF,22,Lateral derecho,Damián Suárez,27/04/1988 (30),Uruguay,"3,50 mill. €  "
Getafe CF,16,Pivote,Mathieu Flamini,07/03/1984 (35),Francia,600 miles €  
Getafe CF,10,Medio centro,Gaku Shibasaki,28/05/1992 (26),Japón,"2,50 mill. €  "
Getafe CF,8,Medio centro ofensivo,Francisco Portillo,13/06/1990 (28),España,"2,00 mill. €  "
Getafe CF,9,Delantero centro,Ángel Rodríguez,26/04/1987 (31),España,"3,00 mill. €  "
Getafe CF,13,Portero,David Soria,04/04/1993 (26),España,"10,00 mill. €  "
Getafe CF,2,Defensa central,Djené,31/12/1991 (27),Togo,"15,00 mill. €  "
Getafe CF,6,Defensa central,Leandro Cabrera,17/06/1991 (27),Uruguay,"2,00 mill. €  "
Getafe CF,22,Lateral derecho,Damián Suárez,27/04/1988 (30),Uruguay,"3,50 mill. €  "
Getafe CF,16,Pivote,Mathieu Flamini,07/03/1984 (35),Francia,600 miles €  
Getafe CF,10,Medio centro,Gaku Shibasaki,28/05/1992 (26),Japón,"2,50 mill. €  "
Getafe CF,8,Medio centro ofensivo,Francisco Portillo,13/06/1990 (28),España,"2,00 mill. €  "
Getafe CF,9,Delantero centro,Ángel Rodríguez,26/04/1987 (31),España,"3,00 mill. €  "
Getafe CF,13,Portero,David Soria,04/04/1993 (26),España,"10,00 mill. €  "
Getafe CF,2,Defensa central,Djené,31/12/1991 (27),Togo,"15,00 mill. €  "
Getafe CF,6,Defensa central,Leandro Cabrera,17/06/1991 (27),Uruguay,"2,00 mill. €  "
Getafe CF,22,Lateral derecho,Damián Suárez,27/04/1988 (30),Uruguay,"3,50 mill. €  "
Getafe CF,16,Pivote,Mathieu Flamini,07/03/1984 (35),Francia,600 miles €  
Getafe CF,10,Medio centro,Gaku Shibasaki,28/05/1992 (26),Japón,"2,50 mill. €  "
Getafe CF,8,Medio centro ofensivo,Francisco Portillo,13/06/1990 (28),España,"2,00 mill. €  "
Getafe CF,9,Delantero centro,Ángel Rodríguez,26/04/1987 (31),España,"3,00 mill. €  "
Deportivo Alavés,1,Portero,Fernando Pacheco,18/05/1992 (26),España,"18,00 mill. €  "
Deportivo Alavés,5,Defensa central,Víctor Laguardia,05/11/1989 (29),España,"7,00 mill. €  "
Deportivo Alavés,3,Lateral izquierdo,Rubén Duarte,18/10/1995 (23),España,"4,00 mill. €  "
Deportivo Alavés,2,Lateral derecho,Carlos Vigaray,07/09/1994 (24),España,600 miles €  
Deportivo Alavés,8,Medio centro,Tomás Pina,14/10/1987 (31),España,"1,80 mill. €  "
Deportivo Alavés,11,Extremo izquierdo,Takashi Inui,02/06/1988 (30),Japón,"5,00 mill. €  "
Deportivo Alavés,7,Extremo izquierdo,Álex Blanco,16/12/1998 (20),España,300 miles €  
Deportivo Alavés,10,Delantero centro,John Guidetti,15/04/1992 (26),Suecia,"3,00 mill. €  "
Deportivo Alavés,1,Portero,Fernando Pacheco,18/05/1992 (26),España,"18,00 mill. €  "
Deportivo Alavés,5,Defensa central,Víctor Laguardia,05/11/1989 (29),España,"7,00 mill. €  "
Deportivo Alavés,3,Lateral izquierdo,Rubén Duarte,18/10/1995 (23),España,"4,00 mill. €  "
Deportivo Alavés,2,Lateral derecho,Carlos Vigaray,07/09/1994 (24),España,600 miles €  
Deportivo Alavés,8,Medio centro,Tomás Pina,14/10/1987 (31),España,"1,80 mill. €  "
Deportivo Alavés,11,Extremo izquierdo,Takashi Inui,02/06/1988 (30),Japón,"5,00 mill. €  "
Deportivo Alavés,7,Extremo izquierdo,Álex Blanco,16/12/1998 (20),España,300 miles €  
Deportivo Alavés,10,Delantero centro,John Guidetti,15/04/1992 (26),Suecia,"3,00 mill. €  "
Deportivo Alavés,1,Portero,Fernando Pacheco,18/05/1992 (26),España,"18,00 mill. €  "
Deportivo Alavés,5,Defensa central,Víctor Laguardia,05/11/1989 (29),España,"7,00 mill. €  "
Deportivo Alavés,3,Lateral izquierdo,Rubén Duarte,18/10/1995 (23),España,"4,00 mill. €  "
Deportivo Alavés,2,Lateral derecho,Carlos Vigaray,07/09/1994 (24),España,600 miles €  
Deportivo Alavés,8,Medio centro,Tomás Pina,14/10/1987 (31),España,"1,80 mill. €  "
Deportivo Alavés,11,Extremo izquierdo,Takashi Inui,02/06/1988 (30),Japón,"5,00 mill. €  "
Deportivo Alavés,7,Extremo izquierdo,Álex Blanco,16/12/1998 (20),España,300 miles €  
Deportivo Alavés,10,Delantero centro,John Guidetti,15/04/1992 (26),Suecia,"3,00 mill. €  "
Levante UD,13,Portero,Oier Olazábal,14/09/1989 (29),España,"2,50 mill. €  "
Levante UD,14,Defensa central,Rúben Vezo,25/04/1994 (24),Portugal,"6,00 mill. €  "
Levante UD,6,Defensa central,Chema,03/03/1992 (27),España,"3,00 mill. €  "
Levante UD,3,Lateral izquierdo,Toño,07/11/1989 (29),España,- 
Levante UD,17,Pivote,Nikola Vukcevic,13/12/1991 (27),Montenegro,"2,50 mill. €  "
Levante UD,24,Medio centro,José Campaña,31/05/1993 (25),España,"10,00 mill. €  "
Levante UD,23,Extremo derecho,Jason,06/07/1994 (24),España,"4,00 mill. €  "
Levante UD,2,Delantero centro,Borja Mayoral,05/04/1997 (22),España,"5,00 mill. €  "
Levante UD,13,Portero,Oier Olazábal,14/09/1989 (29),España,"2,50 mill. €  "
Levante UD,14,Defensa central,Rúben Vezo,25/04/1994 (24),Portugal,"6,00 mill. €  "
Levante UD,6,Defensa central,Chema,03/03/1992 (27),España,"3,00 mill. €  "
Levante UD,3,Lateral izquierdo,Toño,07/11/1989 (29),España,- 
Levante UD,17,Pivote,Nikola Vukcevic,13/12/1991 (27),Montenegro,"2,50 mill. €  "
Levante UD,24,Medio centro,José Campaña,31/05/1993 (25),España,"10,00 mill. €  "
Levante UD,23,Extremo derecho,Jason,06/07/1994 (24),España,"4,00 mill. €  "
Levante UD,2,Delantero centro,Borja Mayoral,05/04/1997 (22),España,"5,00 mill. €  "
Levante UD,13,Portero,Oier Olazábal,14/09/1989 (29),España,"2,50 mill. €  "
Levante UD,14,Defensa central,Rúben Vezo,25/04/1994 (24),Portugal,"6,00 mill. €  "
Levante UD,6,Defensa central,Chema,03/03/1992 (27),España,"3,00 mill. €  "
Levante UD,3,Lateral izquierdo,Toño,07/11/1989 (29),España,- 
Levante UD,17,Pivote,Nikola Vukcevic,13/12/1991 (27),Montenegro,"2,50 mill. €  "
Levante UD,24,Medio centro,José Campaña,31/05/1993 (25),España,"10,00 mill. €  "
Levante UD,23,Extremo derecho,Jason,06/07/1994 (24),España,"4,00 mill. €  "
Levante UD,2,Delantero centro,Borja Mayoral,05/04/1997 (22),España,"5,00 mill. €  "
SD Eibar,1,Portero,Marko Dmitrovic,24/01/1992 (27),Serbia,"10,00 mill. €  "
SD Eibar,23,Defensa central,Anaitz Arbilla,15/05/1987 (31),España,"2,00 mill. €  "
SD Eibar,20,Lateral izquierdo,Marc Cucurella,22/07/1998 (20),España,"10,00 mill. €  "
SD Eibar,2,Lateral derecho,Jordi Calavera,02/08/1995 (23),España,900 miles €  
SD Eibar,5,Medio centro,Gonzalo Escalante,27/03/1993 (26),Argentina,"4,00 mill. €  "
SD Eibar,22,Extremo izquierdo,Pere Milla,23/09/1992 (26),España,800 miles €  
SD Eibar,9,Delantero centro,Sergi Enrich,26/02/1990 (29),España,"7,50 mill. €  "
SD Eibar,7,Delantero centro,Marc Cardona,08/07/1995 (23),España,"1,00 mill. €  "
SD Eibar,1,Portero,Marko Dmitrovic,24/01/1992 (27),Serbia,"10,00 mill. €  "
SD Eibar,23,Defensa central,Anaitz Arbilla,15/05/1987 (31),España,"2,00 mill. €  "
SD Eibar,20,Lateral izquierdo,Marc Cucurella,22/07/1998 (20),España,"10,00 mill. €  "
SD Eibar,2,Lateral derecho,Jordi Calavera,02/08/1995 (23),España,900 miles €  
SD Eibar,5,Medio centro,Gonzalo Escalante,27/03/1993 (26),Argentina,"4,00 mill. €  "
SD Eibar,22,Extremo izquierdo,Pere Milla,23/09/1992 (26),España,800 miles €  
SD Eibar,9,Delantero centro,Sergi Enrich,26/02/1990 (29),España,"7,50 mill. €  "
SD Eibar,7,Delantero centro,Marc Cardona,08/07/1995 (23),España,"1,00 mill. €  "
SD Eibar,1,Portero,Marko Dmitrovic,24/01/1992 (27),Serbia,"10,00 mill. €  "
SD Eibar,23,Defensa central,Anaitz Arbilla,15/05/1987 (31),España,"2,00 mill. €  "
SD Eibar,20,Lateral izquierdo,Marc Cucurella,22/07/1998 (20),España,"10,00 mill. €  "
SD Eibar,2,Lateral derecho,Jordi Calavera,02/08/1995 (23),España,900 miles €  
SD Eibar,5,Medio centro,Gonzalo Escalante,27/03/1993 (26),Argentina,"4,00 mill. €  "
SD Eibar,22,Extremo izquierdo,Pere Milla,23/09/1992 (26),España,800 miles €  
SD Eibar,9,Delantero centro,Sergi Enrich,26/02/1990 (29),España,"7,50 mill. €  "
SD Eibar,7,Delantero centro,Marc Cardona,08/07/1995 (23),España,"1,00 mill. €  "
Rayo Vallecano,13,Portero,Stole Dimitrievski,25/12/1993 (25),Macedonia del Norte,"1,50 mill. €  "
Rayo Vallecano,21,Defensa central,Abdoulaye Ba,01/01/1991 (28),Senegal,"2,50 mill. €  "
Rayo Vallecano,5,Defensa central,Alejandro Catena,28/10/1994 (24),España,300 miles €  
Rayo Vallecano,17,Lateral derecho,Luis Advíncula,02/03/1990 (29),Perú,"3,00 mill. €  "
Rayo Vallecano,3,Pivote,Uche Agbo,04/12/1995 (23),Nigeria,"3,50 mill. €  "
Rayo Vallecano,27,Medio centro,Santi Comesaña,05/10/1996 (22),España,"4,00 mill. €  "
Rayo Vallecano,8,Medio centro ofensivo,Óscar Trejo,26/04/1988 (30),Argentina,"2,50 mill. €  "
Rayo Vallecano,14,Extremo izquierdo,Bebé,12/07/1990 (28),Portugal,"1,00 mill. €  "
Rayo Vallecano,25,Delantero centro,Franco Di Santo,07/04/1989 (29),Argentina,"2,50 mill. €  "
Rayo Vallecano,13,Portero,Stole Dimitrievski,25/12/1993 (25),Macedonia del Norte,"1,50 mill. €  "
Rayo Vallecano,21,Defensa central,Abdoulaye Ba,01/01/1991 (28),Senegal,"2,50 mill. €  "
Rayo Vallecano,5,Defensa central,Alejandro Catena,28/10/1994 (24),España,300 miles €  
Rayo Vallecano,17,Lateral derecho,Luis Advíncula,02/03/1990 (29),Perú,"3,00 mill. €  "
Rayo Vallecano,3,Pivote,Uche Agbo,04/12/1995 (23),Nigeria,"3,50 mill. €  "
Rayo Vallecano,27,Medio centro,Santi Comesaña,05/10/1996 (22),España,"4,00 mill. €  "
Rayo Vallecano,8,Medio centro ofensivo,Óscar Trejo,26/04/1988 (30),Argentina,"2,50 mill. €  "
Rayo Vallecano,14,Extremo izquierdo,Bebé,12/07/1990 (28),Portugal,"1,00 mill. €  "
Rayo Vallecano,25,Delantero centro,Franco Di Santo,07/04/1989 (29),Argentina,"2,50 mill. €  "
Rayo Vallecano,13,Portero,Stole Dimitrievski,25/12/1993 (25),Macedonia del Norte,"1,50 mill. €  "
Rayo Vallecano,21,Defensa central,Abdoulaye Ba,01/01/1991 (28),Senegal,"2,50 mill. €  "
Rayo Vallecano,5,Defensa central,Alejandro Catena,28/10/1994 (24),España,300 miles €  
Rayo Vallecano,17,Lateral derecho,Luis Advíncula,02/03/1990 (29),Perú,"3,00 mill. €  "
Rayo Vallecano,3,Pivote,Uche Agbo,04/12/1995 (23),Nigeria,"3,50 mill. €  "
Rayo Vallecano,27,Medio centro,Santi Comesaña,05/10/1996 (22),España,"4,00 mill. €  "
Rayo Vallecano,8,Medio centro ofensivo,Óscar Trejo,26/04/1988 (30),Argentina,"2,50 mill. €  "
Rayo Vallecano,14,Extremo izquierdo,Bebé,12/07/1990 (28),Portugal,"1,00 mill. €  "
Rayo Vallecano,25,Delantero centro,Franco Di Santo,07/04/1989 (29),Argentina,"2,50 mill. €  "
Real Valladolid CF,1,Portero,Jordi Masip,03/01/1989 (30),España,"6,00 mill. €  "
Real Valladolid CF,2,Defensa central,Joaquín Fernández,31/05/1996 (22),España,"1,00 mill. €  "
Real Valladolid CF,3,Lateral izquierdo,Moisés Delgado,18/04/1994 (24),España,300 miles €  
Real Valladolid CF,6,Pivote,Luismi,05/05/1992 (26),España,700 miles €  
Real Valladolid CF,23,Medio centro,Anuar,15/01/1995 (24),Marruecos,800 miles €  
Real Valladolid CF,7,Extremo izquierdo,Waldo Rubio,17/08/1995 (23),España,200 miles €  
Real Valladolid CF,15,Extremo derecho,Pablo Hervías,08/03/1993 (26),España,800 miles €  
Real Valladolid CF,10,Delantero centro,Óscar Plano,11/02/1991 (28),España,"2,50 mill. €  "
Real Valladolid CF,1,Portero,Jordi Masip,03/01/1989 (30),España,"6,00 mill. €  "
Real Valladolid CF,2,Defensa central,Joaquín Fernández,31/05/1996 (22),España,"1,00 mill. €  "
Real Valladolid CF,3,Lateral izquierdo,Moisés Delgado,18/04/1994 (24),España,300 miles €  
Real Valladolid CF,6,Pivote,Luismi,05/05/1992 (26),España,700 miles €  
Real Valladolid CF,23,Medio centro,Anuar,15/01/1995 (24),Marruecos,800 miles €  
Real Valladolid CF,7,Extremo izquierdo,Waldo Rubio,17/08/1995 (23),España,200 miles €  
Real Valladolid CF,15,Extremo derecho,Pablo Hervías,08/03/1993 (26),España,800 miles €  
Real Valladolid CF,10,Delantero centro,Óscar Plano,11/02/1991 (28),España,"2,50 mill. €  "
Real Valladolid CF,1,Portero,Jordi Masip,03/01/1989 (30),España,"6,00 mill. €  "
Real Valladolid CF,2,Defensa central,Joaquín Fernández,31/05/1996 (22),España,"1,00 mill. €  "
Real Valladolid CF,3,Lateral izquierdo,Moisés Delgado,18/04/1994 (24),España,300 miles €  
Real Valladolid CF,6,Pivote,Luismi,05/05/1992 (26),España,700 miles €  
Real Valladolid CF,23,Medio centro,Anuar,15/01/1995 (24),Marruecos,800 miles €  
Real Valladolid CF,7,Extremo izquierdo,Waldo Rubio,17/08/1995 (23),España,200 miles €  
Real Valladolid CF,15,Extremo derecho,Pablo Hervías,08/03/1993 (26),España,800 miles €  
Real Valladolid CF,10,Delantero centro,Óscar Plano,11/02/1991 (28),España,"2,50 mill. €  "
SD Huesca,25,Portero,Aleksandar Jovanovic,06/12/1992 (26),Serbia,"1,00 mill. €  "
SD Huesca,14,Defensa central,Jorge Pulido,08/04/1991 (27),España,"3,00 mill. €  "
SD Huesca,2,Defensa central,Martín Mantovani,07/07/1984 (34),Argentina,400 miles €  
SD Huesca,24,Lateral derecho,Jorge Miramón,02/06/1989 (29),España,"3,00 mill. €  "
SD Huesca,5,Pivote,Juan Aguilera,13/09/1985 (33),España,400 miles €  
SD Huesca,6,Medio centro ofensivo,Moi Gómez,23/06/1994 (24),España,"5,00 mill. €  "
SD Huesca,19,Extremo izquierdo,Ezequiel Ávila,06/02/1994 (25),Argentina,"3,00 mill. €  "
SD Huesca,7,Extremo derecho,David Ferreiro,01/04/1988 (31),España,"2,00 mill. €  "
SD Huesca,22,Delantero centro,Enric Gallego,12/09/1986 (32),España,"3,00 mill. €  "
SD Huesca,25,Portero,Aleksandar Jovanovic,06/12/1992 (26),Serbia,"1,00 mill. €  "
SD Huesca,14,Defensa central,Jorge Pulido,08/04/1991 (27),España,"3,00 mill. €  "
SD Huesca,2,Defensa central,Martín Mantovani,07/07/1984 (34),Argentina,400 miles €  
SD Huesca,24,Lateral derecho,Jorge Miramón,02/06/1989 (29),España,"3,00 mill. €  "
SD Huesca,5,Pivote,Juan Aguilera,13/09/1985 (33),España,400 miles €  
SD Huesca,6,Medio centro ofensivo,Moi Gómez,23/06/1994 (24),España,"5,00 mill. €  "
SD Huesca,19,Extremo izquierdo,Ezequiel Ávila,06/02/1994 (25),Argentina,"3,00 mill. €  "
SD Huesca,7,Extremo derecho,David Ferreiro,01/04/1988 (31),España,"2,00 mill. €  "
SD Huesca,22,Delantero centro,Enric Gallego,12/09/1986 (32),España,"3,00 mill. €  "
SD Huesca,25,Portero,Aleksandar Jovanovic,06/12/1992 (26),Serbia,"1,00 mill. €  "
SD Huesca,14,Defensa central,Jorge Pulido,08/04/1991 (27),España,"3,00 mill. €  "
SD Huesca,2,Defensa central,Martín Mantovani,07/07/1984 (34),Argentina,400 miles €  
SD Huesca,24,Lateral derecho,Jorge Miramón,02/06/1989 (29),España,"3,00 mill. €  "
SD Huesca,5,Pivote,Juan Aguilera,13/09/1985 (33),España,400 miles €  
SD Huesca,6,Medio centro ofensivo,Moi Gómez,23/06/1994 (24),España,"5,00 mill. €  "
SD Huesca,19,Extremo izquierdo,Ezequiel Ávila,06/02/1994 (25),Argentina,"3,00 mill. €  "
SD Huesca,7,Extremo derecho,David Ferreiro,01/04/1988 (31),España,"2,00 mill. €  "
SD Huesca,22,Delantero centro,Enric Gallego,12/09/1986 (32),España,"3,00 mill. €  "
